make-id,model-id,site-id,model-name,make-name
375,375-1,UK,Other,Acura
375,375-2,UK,MDX,Acura
375,375-3,UK,NSX,Acura
375,375-4,UK,RL,Acura
375,375-5,UK,RSX,Acura
375,375-6,UK,TL,Acura
375,375-7,UK,TSX,Acura
600,600-1,UK,Other,Aixam
600,600-2,UK,400,Aixam
600,600-3,UK,500,Aixam
600,600-4,UK,700,Aixam
600,600-5,UK,Crossline,Aixam
600,600-6,UK,Crossover,Aixam
600,600-7,UK,Coupe,Aixam
900,900-1,UK,Other,Alfa Romeo
900,900-2,UK,33,Alfa Romeo
900,900-3,UK,75,Alfa Romeo
900,900-4,UK,90,Alfa Romeo
900,900-5,UK,145,Alfa Romeo
900,900-6,UK,146,Alfa Romeo
900,900-7,UK,147,Alfa Romeo
900,900-8,UK,155,Alfa Romeo
900,900-9,UK,156,Alfa Romeo
900,900-10,UK,159,Alfa Romeo
900,900-11,UK,164,Alfa Romeo
900,900-12,UK,166,Alfa Romeo
900,900-13,UK,Alfasud,Alfa Romeo
900,900-14,UK,Alfetta,Alfa Romeo
900,900-15,UK,Brera,Alfa Romeo
900,900-16,UK,Giulia,Alfa Romeo
900,900-17,UK,Giulietta,Alfa Romeo
900,900-18,UK,GT,Alfa Romeo
900,900-19,UK,GTV,Alfa Romeo
900,900-20,UK,RZ/SZ,Alfa Romeo
900,900-21,UK,Spider,Alfa Romeo
900,900-22,UK,Sprint,Alfa Romeo
900,900-23,UK,Crosswagon,Alfa Romeo
900,900-24,UK,Sportwagon,Alfa Romeo
900,900-25,UK,149,Alfa Romeo
900,900-26,UK,8C,Alfa Romeo
900,900-27,UK,Arna,Alfa Romeo
900,900-28,UK,Gold Cloverleaf,Alfa Romeo
900,900-29,UK,MiTo,Alfa Romeo
1100,1100-1,UK,Other,Alpina
1100,1100-2,UK,B10,Alpina
1100,1100-3,UK,B12,Alpina
1100,1100-4,UK,B3,Alpina
1100,1100-5,UK,B5,Alpina
1100,1100-6,UK,B6,Alpina
1100,1100-7,UK,B7,Alpina
1100,1100-8,UK,B8,Alpina
1100,1100-9,UK,D10,Alpina
1100,1100-10,UK,Roadster S,Alpina
1100,1100-11,UK,D3,Alpina
1400,1400-1,UK,Other,Other
1700,1700-1,UK,Other,Aston Martin
1700,1700-2,UK,AR1,Aston Martin
1700,1700-3,UK,DB,Aston Martin
1700,1700-4,UK,DB7,Aston Martin
1700,1700-5,UK,DB9,Aston Martin
1700,1700-6,UK,Lagonda,Aston Martin
1700,1700-7,UK,Vanquish,Aston Martin
1700,1700-8,UK,V8,Aston Martin
1700,1700-9,UK,Vantage,Aston Martin
1700,1700-10,UK,Virage,Aston Martin
1700,1700-11,UK,Volante,Aston Martin
1700,1700-12,UK,V12 Vanquish,Aston Martin
1700,1700-13,UK,V8 Vantage,Aston Martin
1700,1700-14,UK,DBS,Aston Martin
1700,1700-15,UK,Rapide,Aston Martin
1700,1700-16,UK,Cygnet,Aston Martin
1750,1750-1,UK,Other,Asia Motors
1750,1750-3,UK,Rocsta,Asia Motors
1900,1900-1,UK,Other,Audi
1900,1900-2,UK,100,Audi
1900,1900-3,UK,200,Audi
1900,1900-5,UK,80,Audi
1900,1900-6,UK,90,Audi
1900,1900-7,UK,A2,Audi
1900,1900-8,UK,A3,Audi
1900,1900-9,UK,A4,Audi
1900,1900-10,UK,A6,Audi
1900,1900-11,UK,A8,Audi
1900,1900-12,UK,Allroad,Audi
1900,1900-13,UK,Cabrio,Audi
1900,1900-14,UK,Coupe,Audi
1900,1900-15,UK,Q7,Audi
1900,1900-16,UK,Quattro,Audi
1900,1900-18,UK,S2,Audi
1900,1900-19,UK,S3,Audi
1900,1900-20,UK,S4,Audi
1900,1900-21,UK,S6,Audi
1900,1900-22,UK,S8,Audi
1900,1900-23,UK,TT,Audi
1900,1900-24,UK,V8,Audi
1900,1900-26,UK,RS2,Audi
1900,1900-27,UK,RS4,Audi
1900,1900-28,UK,RS6,Audi
1900,1900-30,UK,R8,Audi
1900,1900-31,UK,S5,Audi
1900,1900-32,UK,Q5,Audi
1900,1900-33,UK,A5,Audi
1900,1900-34,UK,A1,Audi
1900,1900-35,UK,RS5,Audi
1900,1900-36,UK,Avant,Audi
1900,1900-37,UK,Convertible,Audi
1900,1900-38,UK,A7,Audi
1900,1900-39,UK,RS3,Audi
1900,1900-40,UK,Q3,Audi
1900,1900-41,UK,S7,Audi
1900,1900-42,UK,SQ5,Audi
2000,2000-1,UK,Other,Austin
2000,2000-2,UK,Allegro,Austin
2000,2000-3,UK,Ambassador,Austin
2000,2000-4,UK,Maestro,Austin
2000,2000-5,UK,Maxi,Austin
2000,2000-6,UK,Maxi 2,Austin
2000,2000-7,UK,Metro,Austin
2000,2000-8,UK,Mini,Austin
2000,2000-9,UK,Mini Classic,Austin
2000,2000-10,UK,Montego,Austin
2000,2000-11,UK,Princess,Austin
3100,3100-1,UK,Other,Bentley
3100,3100-2,UK,Arnage,Bentley
3100,3100-3,UK,Azure,Bentley
3100,3100-4,UK,Brooklands,Bentley
3100,3100-5,UK,Continental,Bentley
3100,3100-6,UK,Eight,Bentley
3100,3100-7,UK,Mulsanne,Bentley
3100,3100-8,UK,Turbo R,Bentley
3100,3100-9,UK,Turbo RT,Bentley
3100,3100-10,UK,Turbo S,Bentley
3100,3100-11,UK,Corniche,Bentley
3100,3100-12,UK,Series II,Bentley
3500,3500-1,UK,Other,BMW
3500,3500-2,UK,116,BMW
3500,3500-3,UK,118,BMW
3500,3500-4,UK,120,BMW
3500,3500-5,UK,130,BMW
3500,3500-7,UK,315,BMW
3500,3500-8,UK,316,BMW
3500,3500-9,UK,318,BMW
3500,3500-10,UK,320,BMW
3500,3500-11,UK,323,BMW
3500,3500-12,UK,324,BMW
3500,3500-13,UK,325,BMW
3500,3500-14,UK,328,BMW
3500,3500-15,UK,330,BMW
3500,3500-16,UK,518,BMW
3500,3500-17,UK,520,BMW
3500,3500-18,UK,523,BMW
3500,3500-19,UK,524,BMW
3500,3500-20,UK,525,BMW
3500,3500-21,UK,528,BMW
3500,3500-22,UK,530,BMW
3500,3500-23,UK,535,BMW
3500,3500-24,UK,540,BMW
3500,3500-25,UK,545,BMW
3500,3500-26,UK,550,BMW
3500,3500-27,UK,628,BMW
3500,3500-28,UK,630,BMW
3500,3500-29,UK,633,BMW
3500,3500-30,UK,635,BMW
3500,3500-31,UK,645,BMW
3500,3500-32,UK,650,BMW
3500,3500-33,UK,725,BMW
3500,3500-34,UK,728,BMW
3500,3500-35,UK,730,BMW
3500,3500-36,UK,732,BMW
3500,3500-37,UK,735,BMW
3500,3500-38,UK,740,BMW
3500,3500-39,UK,745,BMW
3500,3500-40,UK,750,BMW
3500,3500-41,UK,760,BMW
3500,3500-42,UK,840,BMW
3500,3500-43,UK,850,BMW
3500,3500-44,UK,M1,BMW
3500,3500-45,UK,M3,BMW
3500,3500-46,UK,M5,BMW
3500,3500-47,UK,M6,BMW
3500,3500-48,UK,X3,BMW
3500,3500-49,UK,X5,BMW
3500,3500-50,UK,Z1,BMW
3500,3500-51,UK,Z3,BMW
3500,3500-52,UK,Z4,BMW
3500,3500-54,UK,Z8,BMW
3500,3500-55,UK,Z4 M,BMW
3500,3500-56,UK,335,BMW
3500,3500-63,UK,Z3 M,BMW
3500,3500-64,UK,135,BMW
3500,3500-65,UK,X6,BMW
3500,3500-66,UK,X1,BMW
3500,3500-67,UK,123,BMW
3500,3500-68,UK,125,BMW
4350,4350-1,UK,Other,Bugatti
4350,4350-2,UK,EB 110,Bugatti
4350,4350-3,UK,Veyron,Bugatti
4400,4400-1,UK,Other,Buick
4400,4400-2,UK,Century,Buick
4400,4400-3,UK,Electra,Buick
4400,4400-4,UK,LeSabre,Buick
4400,4400-5,UK,Park Avenue,Buick
4400,4400-6,UK,Regal,Buick
4400,4400-7,UK,Riviera,Buick
4400,4400-8,UK,Roadmaster,Buick
4400,4400-9,UK,Skylark,Buick
4700,4700-1,UK,Other,Cadillac
4700,4700-2,UK,Allante,Cadillac
4700,4700-3,UK,BLS,Cadillac
4700,4700-4,UK,CTS,Cadillac
4700,4700-5,UK,DeVille,Cadillac
4700,4700-6,UK,Eldorado,Cadillac
4700,4700-7,UK,Escalade,Cadillac
4700,4700-8,UK,Fleetwood,Cadillac
4700,4700-9,UK,Seville,Cadillac
4700,4700-10,UK,SRX,Cadillac
4700,4700-11,UK,STS,Cadillac
4700,4700-12,UK,XLR,Cadillac
5300,5300-1,UK,Other,Caterham
5300,5300-2,UK,Seven,Caterham
5300,5300-3,UK,Super Seven,Caterham
5600,5600-1,UK,Other,Chevrolet
5600,5600-2,UK,2500,Chevrolet
5600,5600-3,UK,Alero,Chevrolet
5600,5600-4,UK,Astro Van,Chevrolet
5600,5600-5,UK,Avalanche,Chevrolet
5600,5600-7,UK,Beretta,Chevrolet
5600,5600-8,UK,Blazer,Chevrolet
5600,5600-9,UK,C1500,Chevrolet
5600,5600-10,UK,Camaro,Chevrolet
5600,5600-11,UK,Caprice,Chevrolet
5600,5600-12,UK,Cavalier,Chevrolet
5600,5600-14,UK,Chevy Van,Chevrolet
5600,5600-15,UK,Citation,Chevrolet
5600,5600-16,UK,Corsica,Chevrolet
5600,5600-20,UK,El Camino,Chevrolet
5600,5600-21,UK,Evanda,Chevrolet
5600,5600-22,UK,G,Chevrolet
5600,5600-23,UK,Impala,Chevrolet
5600,5600-24,UK,K 1500,Chevrolet
5600,5600-25,UK,K 30,Chevrolet
5600,5600-26,UK,Kalos,Chevrolet
5600,5600-27,UK,Lacetti,Chevrolet
5600,5600-28,UK,Lumina,Chevrolet
5600,5600-29,UK,Malibu,Chevrolet
5600,5600-30,UK,Matiz,Chevrolet
5600,5600-32,UK,Nubira,Chevrolet
5600,5600-33,UK,Rezzo,Chevrolet
5600,5600-34,UK,S-10,Chevrolet
5600,5600-35,UK,Silverado,Chevrolet
5600,5600-36,UK,SSR,Chevrolet
5600,5600-37,UK,Suburban,Chevrolet
5600,5600-39,UK,Tahoe,Chevrolet
5600,5600-41,UK,Trailblazer,Chevrolet
5600,5600-42,UK,Trans Sport,Chevrolet
5600,5600-43,UK,Chevelle,Chevrolet
5600,5600-44,UK,Venture,Chevrolet
5600,5600-45,UK,Aveo,Chevrolet
5600,5600-46,UK,Nova,Chevrolet
5600,5600-47,UK,Captiva,Chevrolet
5600,5600-48,UK,Colorado,Chevrolet
5600,5600-49,UK,Epica,Chevrolet
5600,5600-50,UK,HHR,Chevrolet
5600,5600-51,UK,Tacuma,Chevrolet
5600,5600-52,UK,Corvette,Chevrolet
5600,5600-53,UK,Cruze,Chevrolet
5600,5600-54,UK,Spark,Chevrolet
5600,5600-55,UK,Orlando,Chevrolet
5600,5600-56,UK,Volt,Chevrolet
5600,5600-57,UK,Trax,Chevrolet
5700,5700-1,UK,Other,Chrysler
5700,5700-2,UK,300M,Chrysler
5700,5700-3,UK,300C,Chrysler
5700,5700-4,UK,Crossfire,Chrysler
5700,5700-5,UK,Daytona,Chrysler
5700,5700-6,UK,ES,Chrysler
5700,5700-7,UK,Grand Voyager,Chrysler
5700,5700-8,UK,GS,Chrysler
5700,5700-9,UK,GTS,Chrysler
5700,5700-10,UK,Le Baron,Chrysler
5700,5700-11,UK,Neon,Chrysler
5700,5700-12,UK,New Yorker,Chrysler
5700,5700-13,UK,Pacifica,Chrysler
5700,5700-14,UK,PT Cruiser,Chrysler
5700,5700-15,UK,Saratoga,Chrysler
5700,5700-16,UK,Sebring,Chrysler
5700,5700-17,UK,Stratus,Chrysler
5700,5700-18,UK,Valiant,Chrysler
5700,5700-19,UK,Viper,Chrysler
5700,5700-20,UK,Vision,Chrysler
5700,5700-21,UK,Voyager,Chrysler
5700,5700-22,UK,180,Chrysler
5700,5700-23,UK,Avenger,Chrysler
5700,5700-24,UK,2-litre,Chrysler
5700,5700-25,UK,Delta,Chrysler
5700,5700-26,UK,Ypsilon,Chrysler
5900,5900-1,UK,Other,Citroen
5900,5900-2,UK,2 CV,Citroen
5900,5900-4,UK,AX,Citroen
5900,5900-5,UK,Berlingo,Citroen
5900,5900-6,UK,BX,Citroen
5900,5900-7,UK,C1,Citroen
5900,5900-9,UK,C2,Citroen
5900,5900-11,UK,C3,Citroen
5900,5900-12,UK,C4,Citroen
5900,5900-13,UK,C5,Citroen
5900,5900-14,UK,C6,Citroen
5900,5900-15,UK,C8,Citroen
5900,5900-16,UK,CX,Citroen
5900,5900-17,UK,DS,Citroen
5900,5900-18,UK,Evasion,Citroen
5900,5900-19,UK,GSA,Citroen
5900,5900-21,UK,Jumpy,Citroen
5900,5900-23,UK,Saxo,Citroen
5900,5900-24,UK,SM,Citroen
5900,5900-25,UK,Visa,Citroen
5900,5900-26,UK,Xantia,Citroen
5900,5900-27,UK,XM,Citroen
5900,5900-28,UK,Xsara,Citroen
5900,5900-29,UK,Xsara Picasso,Citroen
5900,5900-30,UK,ZX,Citroen
5900,5900-32,UK,C4 Picasso,Citroen
5900,5900-33,UK,C-Crosser,Citroen
5900,5900-35,UK,Relay,Citroen
5900,5900-36,UK,C2 enterprise,Citroen
5900,5900-37,UK,Nemo,Citroen
5900,5900-38,UK,Berlingo multipass,Citroen
5900,5900-39,UK,Berlingo first,Citroen
5900,5900-40,UK,Grand C4 Picasso,Citroen
5900,5900-41,UK,C3 Picasso,Citroen
5900,5900-43,UK,GS,Citroen
5900,5900-44,UK,Athena,Citroen
5900,5900-45,UK,Dispatch,Citroen
5900,5900-46,UK,DS3,Citroen
5900,5900-47,UK,Dyane,Citroen
5900,5900-48,UK,LNA,Citroen
5900,5900-49,UK,Nemo Multispace,Citroen
5900,5900-50,UK,Reflex,Citroen
5900,5900-51,UK,Synergie,Citroen
5900,5900-52,UK,C-Zero,Citroen
5900,5900-53,UK,DS4,Citroen
5900,5900-54,UK,DS5,Citroen
6200,6200-1,UK,Other,Cobra
6325,6325-1,UK,Other,Corvette
6325,6325-2,UK,C3,Corvette
6325,6325-3,UK,C4,Corvette
6325,6325-4,UK,C5,Corvette
6325,6325-5,UK,C6,Corvette
6325,6325-6,UK,Corvette,Corvette
6325,6325-7,UK,Z06,Corvette
6325,6325-8,UK,ZR1,Corvette
6600,6600-1,UK,Other,Dacia
6600,6600-6,UK,Logan,Dacia
6600,6600-7,UK,Pickup,Dacia
6600,6600-8,UK,Sandero,Dacia
6600,6600-9,UK,Denem,Dacia
6600,6600-10,UK,Duster,Dacia
6600,6600-11,UK,Sandero Stepway,Dacia
6600,6600-12,UK,Logan MCV,Dacia
6800,6800-1,UK,Other,Daewoo
6800,6800-3,UK,Espero,Daewoo
6800,6800-4,UK,Evanda,Daewoo
6800,6800-5,UK,Kalos,Daewoo
6800,6800-6,UK,Korando,Daewoo
6800,6800-7,UK,Lacetti,Daewoo
6800,6800-8,UK,Lanos,Daewoo
6800,6800-9,UK,Leganza,Daewoo
6800,6800-10,UK,Matiz,Daewoo
6800,6800-11,UK,Musso,Daewoo
6800,6800-12,UK,Nexia,Daewoo
6800,6800-13,UK,Nubira,Daewoo
6800,6800-14,UK,Rezzo,Daewoo
6800,6800-15,UK,Tacuma,Daewoo
7000,7000-1,UK,Other,Daihatsu
7000,7000-2,UK,Applause,Daihatsu
7000,7000-3,UK,Charade,Daihatsu
7000,7000-4,UK,Charmant,Daihatsu
7000,7000-5,UK,Copen,Daihatsu
7000,7000-6,UK,Cuore,Daihatsu
7000,7000-8,UK,Feroza/Sportrak,Daihatsu
7000,7000-9,UK,Freeclimber,Daihatsu
7000,7000-10,UK,Gran Move,Daihatsu
7000,7000-11,UK,Hijet,Daihatsu
7000,7000-12,UK,Move,Daihatsu
7000,7000-13,UK,Rocky/Fourtrak,Daihatsu
7000,7000-14,UK,Sirion,Daihatsu
7000,7000-16,UK,Terios,Daihatsu
7000,7000-18,UK,YRV,Daihatsu
7000,7000-19,UK,Materia,Daihatsu
7000,7000-20,UK,Trevis,Daihatsu
7000,7000-21,UK,Domino,Daihatsu
7000,7000-22,UK,Fourtrak,Daihatsu
7000,7000-23,UK,Mira,Daihatsu
7200,7200-1,UK,Other,Daimler
7200,7200-2,UK,Limousine,Daimler
7200,7200-3,UK,Series III,Daimler
7200,7200-4,UK,Sovereign,Daimler
7200,7200-5,UK,Super Eight,Daimler
7200,7200-6,UK,XJ Series,Daimler
7200,7200-7,UK,XJ12,Daimler
7200,7200-8,UK,XJ6,Daimler
7400,7400-1,UK,Other,DeTomaso
7400,7400-3,UK,Pantera,DeTomaso
7400,7400-4,UK,Guara,DeTomaso
7700,7700-1,UK,Other,Dodge
7700,7700-2,UK,Charger,Dodge
7700,7700-3,UK,Dakota,Dodge
7700,7700-4,UK,Durango,Dodge
7700,7700-5,UK,Grand Caravan,Dodge
7700,7700-6,UK,Magnum,Dodge
7700,7700-7,UK,Neon,Dodge
7700,7700-9,UK,Stealth,Dodge
7700,7700-12,UK,Viper,Dodge
7700,7700-13,UK,RAM,Dodge
7700,7700-14,UK,Caliber,Dodge
7700,7700-15,UK,Hornet,Dodge
7700,7700-16,UK,Nitro,Dodge
7700,7700-17,UK,Avenger,Dodge
7700,7700-19,UK,Demon,Dodge
7700,7700-20,UK,Journey,Dodge
7700,7700-21,UK,SRT 10,Dodge
8600,8600-1,UK,Other,Ferrari
8600,8600-4,UK,208,Ferrari
8600,8600-5,UK,246,Ferrari
8600,8600-6,UK,250,Ferrari
8600,8600-7,UK,275,Ferrari
8600,8600-8,UK,288,Ferrari
8600,8600-9,UK,308,Ferrari
8600,8600-10,UK,328,Ferrari
8600,8600-11,UK,330,Ferrari
8600,8600-12,UK,348,Ferrari
8600,8600-14,UK,360,Ferrari
8600,8600-15,UK,365,Ferrari
8600,8600-16,UK,400,Ferrari
8600,8600-17,UK,412,Ferrari
8600,8600-18,UK,456,Ferrari
8600,8600-19,UK,512,Ferrari
8600,8600-21,UK,575,Ferrari
8600,8600-22,UK,612,Ferrari
8600,8600-23,UK,750,Ferrari
8600,8600-24,UK,Daytona,Ferrari
8600,8600-25,UK,Dino GT4,Ferrari
8600,8600-26,UK,Enzo,Ferrari
8600,8600-27,UK,F355,Ferrari
8600,8600-28,UK,F360,Ferrari
8600,8600-29,UK,F40,Ferrari
8600,8600-30,UK,F430,Ferrari
8600,8600-31,UK,F50,Ferrari
8600,8600-33,UK,F550,Ferrari
8600,8600-34,UK,Mondial,Ferrari
8600,8600-35,UK,Superamerica,Ferrari
8600,8600-36,UK,Testarossa,Ferrari
8600,8600-37,UK,599 GTB,Ferrari
8600,8600-38,UK,California,Ferrari
8600,8600-39,UK,458,Ferrari
8600,8600-40,UK,FF,Ferrari
8800,8800-1,UK,Other,Fiat
8800,8800-2,UK,124,Fiat
8800,8800-4,UK,126,Fiat
8800,8800-5,UK,127,Fiat
8800,8800-6,UK,130,Fiat
8800,8800-7,UK,131,Fiat
8800,8800-9,UK,500,Fiat
8800,8800-10,UK,Barchetta,Fiat
8800,8800-11,UK,Brava,Fiat
8800,8800-12,UK,Bravo,Fiat
8800,8800-14,UK,Cinquecento,Fiat
8800,8800-15,UK,Coupe,Fiat
8800,8800-16,UK,Croma,Fiat
8800,8800-17,UK,Dino,Fiat
8800,8800-18,UK,Doblo,Fiat
8800,8800-19,UK,Ducato,Fiat
8800,8800-21,UK,Fiorino,Fiat
8800,8800-22,UK,Idea,Fiat
8800,8800-23,UK,Marea,Fiat
8800,8800-24,UK,Marengo,Fiat
8800,8800-26,UK,Multipla,Fiat
8800,8800-27,UK,Palio,Fiat
8800,8800-28,UK,Panda,Fiat
8800,8800-30,UK,Punto,Fiat
8800,8800-31,UK,Regata,Fiat
8800,8800-32,UK,Ritmo,Fiat
8800,8800-33,UK,Scudo,Fiat
8800,8800-34,UK,Seicento,Fiat
8800,8800-35,UK,Spider Europa,Fiat
8800,8800-36,UK,Stilo,Fiat
8800,8800-37,UK,Strada,Fiat
8800,8800-39,UK,Tempra,Fiat
8800,8800-40,UK,Tipo,Fiat
8800,8800-41,UK,Ulysse,Fiat
8800,8800-42,UK,Uno,Fiat
8800,8800-43,UK,X1/9,Fiat
8800,8800-44,UK,Grande Punto,Fiat
8800,8800-45,UK,Sedici,Fiat
8800,8800-46,UK,Linea,Fiat
8800,8800-47,UK,500C,Fiat
8800,8800-48,UK,128,Fiat
8800,8800-49,UK,132,Fiat
8800,8800-50,UK,Abarth,Fiat
8800,8800-51,UK,Argenta,Fiat
8800,8800-52,UK,Qubo,Fiat
8800,8800-53,UK,500L,Fiat
9000,9000-1,UK,Other,Ford
9000,9000-2,UK,Aerostar,Ford
9000,9000-3,UK,Bronco,Ford
9000,9000-4,UK,Capri,Ford
9000,9000-5,UK,Cougar,Ford
9000,9000-6,UK,Courier,Ford
9000,9000-7,UK,Crown,Ford
9000,9000-8,UK,Econoline,Ford
9000,9000-9,UK,Econovan,Ford
9000,9000-10,UK,Escape,Ford
9000,9000-11,UK,Escort,Ford
9000,9000-12,UK,Excursion,Ford
9000,9000-13,UK,Expedition,Ford
9000,9000-14,UK,Explorer,Ford
9000,9000-15,UK,Express,Ford
9000,9000-16,UK,F 150,Ford
9000,9000-17,UK,F 250,Ford
9000,9000-18,UK,F 350,Ford
9000,9000-19,UK,Fiesta,Ford
9000,9000-20,UK,Focus,Ford
9000,9000-21,UK,Focus C-MAX,Ford
9000,9000-22,UK,Fusion,Ford
9000,9000-23,UK,Galaxy,Ford
9000,9000-24,UK,Granada,Ford
9000,9000-25,UK,Ka,Ford
9000,9000-27,UK,Maverick,Ford
9000,9000-28,UK,Mercury,Ford
9000,9000-29,UK,Mondeo,Ford
9000,9000-30,UK,Mustang,Ford
9000,9000-31,UK,Orion,Ford
9000,9000-32,UK,Probe,Ford
9000,9000-33,UK,Puma,Ford
9000,9000-34,UK,Ranger,Ford
9000,9000-35,UK,Scorpio,Ford
9000,9000-37,UK,Streetka,Ford
9000,9000-38,UK,Taunus,Ford
9000,9000-39,UK,Taurus,Ford
9000,9000-40,UK,Thunderbird,Ford
9000,9000-41,UK,Tourneo,Ford
9000,9000-42,UK,Transit,Ford
9000,9000-43,UK,Windstar,Ford
9000,9000-44,UK,GT,Ford
9000,9000-45,UK,Fairlane,Ford
9000,9000-46,UK,Falcon,Ford
9000,9000-47,UK,S-Max,Ford
9000,9000-49,UK,Kuga,Ford
9000,9000-50,UK,Kuga Station Wagon,Ford
9000,9000-51,UK,Cortina,Ford
9000,9000-52,UK,Sierra,Ford
9000,9000-53,UK,Sierra Sapphire,Ford
9000,9000-54,UK,Th!nk,Ford
9000,9000-55,UK,Grand C-Max,Ford
9000,9000-56,UK,B-Max,Ford
9900,9900-1,UK,Other,GMC
9900,9900-2,UK,Envoy,GMC
9900,9900-3,UK,Safari,GMC
9900,9900-4,UK,Savana,GMC
9900,9900-5,UK,Sierra,GMC
9900,9900-6,UK,Sonoma,GMC
9900,9900-7,UK,Syclone,GMC
9900,9900-8,UK,Typhoon,GMC
9900,9900-9,UK,Vandura,GMC
9900,9900-10,UK,Yukon,GMC
10850,10850-1,UK,Other,Holden
11000,11000-1,UK,Other,Honda
11000,11000-2,UK,Accord,Honda
11000,11000-3,UK,Civic,Honda
11000,11000-4,UK,Concerto,Honda
11000,11000-5,UK,CR-V,Honda
11000,11000-6,UK,CRX,Honda
11000,11000-7,UK,Element,Honda
11000,11000-8,UK,FRV,Honda
11000,11000-9,UK,HRV,Honda
11000,11000-10,UK,Insight,Honda
11000,11000-11,UK,Integra,Honda
11000,11000-12,UK,Jazz,Honda
11000,11000-13,UK,Legend,Honda
11000,11000-14,UK,Logo,Honda
11000,11000-15,UK,NSX,Honda
11000,11000-16,UK,Odyssey,Honda
11000,11000-17,UK,Prelude,Honda
11000,11000-18,UK,S2000,Honda
11000,11000-19,UK,Shuttle,Honda
11000,11000-20,UK,Stream,Honda
11000,11000-21,UK,Aerodeck,Honda
11000,11000-22,UK,Ballade,Honda
11000,11000-23,UK,CR-Z,Honda
11000,11000-26,UK,Quintet,Honda
11050,11050-1,UK,Other,Hummer
11050,11050-3,UK,H1,Hummer
11050,11050-4,UK,H2,Hummer
11050,11050-5,UK,H3,Hummer
11600,11600-1,UK,Other,Hyundai
11600,11600-2,UK,Accent,Hyundai
11600,11600-3,UK,Atos,Hyundai
11600,11600-4,UK,Coupe,Hyundai
11600,11600-5,UK,Elantra,Hyundai
11600,11600-6,UK,Excel,Hyundai
11600,11600-7,UK,Galloper,Hyundai
11600,11600-8,UK,Getz,Hyundai
11600,11600-9,UK,Grandeur,Hyundai
11600,11600-10,UK,H 100,Hyundai
11600,11600-11,UK,H 200,Hyundai
11600,11600-13,UK,H-1,Hyundai
11600,11600-14,UK,H-1 Starex,Hyundai
11600,11600-16,UK,Lantra,Hyundai
11600,11600-17,UK,Matrix,Hyundai
11600,11600-18,UK,Pony,Hyundai
11600,11600-19,UK,Santa Fe,Hyundai
11600,11600-20,UK,Santamo,Hyundai
11600,11600-22,UK,S-Coupe,Hyundai
11600,11600-23,UK,Sonata,Hyundai
11600,11600-25,UK,Terracan,Hyundai
11600,11600-26,UK,Trajet,Hyundai
11600,11600-27,UK,Tucson,Hyundai
11600,11600-28,UK,XG 30,Hyundai
11600,11600-29,UK,XG 350,Hyundai
11600,11600-31,UK,i30,Hyundai
11600,11600-32,UK,Azera,Hyundai
11600,11600-33,UK,i10,Hyundai
11600,11600-34,UK,IX35,Hyundai
11600,11600-35,UK,Amica,Hyundai
11600,11600-36,UK,i20,Hyundai
11600,11600-37,UK,i800,Hyundai
11600,11600-38,UK,Stellar,Hyundai
11600,11600-39,UK,IX20,Hyundai
11600,11600-40,UK,i40,Hyundai
11600,11600-41,UK,Velostar,Hyundai
11600,11600-42,UK,Veloster,Hyundai
11650,11650-1,UK,Other,Infiniti
11650,11650-2,UK,FX,Infiniti
11650,11650-3,UK,G35,Infiniti
11650,11650-6,UK,Q45,Infiniti
11650,11650-7,UK,QX56,Infiniti
11650,11650-8,UK,EX37,Infiniti
11650,11650-9,UK,G37,Infiniti
11650,11650-10,UK,M,Infiniti
11650,11650-11,UK,G,Infiniti
11650,11650-12,UK,EX,Infiniti
11900,11900-1,UK,Other,Isuzu
11900,11900-2,UK,Campo,Isuzu
11900,11900-4,UK,Gemini,Isuzu
11900,11900-5,UK,MIDI,Isuzu
11900,11900-8,UK,Pickup,Isuzu
11900,11900-9,UK,Trooper,Isuzu
11900,11900-10,UK,Rodeo,Isuzu
11900,11900-11,UK,Piazza,Isuzu
12400,12400-1,UK,Other,Jaguar
12400,12400-2,UK,Daimler,Jaguar
12400,12400-5,UK,MK II,Jaguar
12400,12400-7,UK,S-Type,Jaguar
12400,12400-9,UK,XJ,Jaguar
12400,12400-10,UK,XJ12,Jaguar
12400,12400-11,UK,XJ40,Jaguar
12400,12400-12,UK,XJ6,Jaguar
12400,12400-13,UK,XJ8,Jaguar
12400,12400-14,UK,XJR,Jaguar
12400,12400-15,UK,XJS,Jaguar
12400,12400-16,UK,XJSC,Jaguar
12400,12400-19,UK,X-Type,Jaguar
12400,12400-20,UK,E-Type,Jaguar
12400,12400-21,UK,XK8,Jaguar
12400,12400-22,UK,XKR,Jaguar
12400,12400-23,UK,XK,Jaguar
12400,12400-24,UK,XF,Jaguar
12400,12400-25,UK,Sovereign,Jaguar
12400,12400-26,UK,XKR-S,Jaguar
12400,12400-27,UK,F-Type,Jaguar
12600,12600-1,UK,Other,Jeep
12600,12600-2,UK,Cherokee,Jeep
12600,12600-4,UK,CJ,Jeep
12600,12600-6,UK,Comanche,Jeep
12600,12600-7,UK,Grand Cherokee,Jeep
12600,12600-8,UK,Renegade,Jeep
12600,12600-9,UK,Wagoneer,Jeep
12600,12600-10,UK,Willys,Jeep
12600,12600-11,UK,Wrangler,Jeep
12600,12600-12,UK,Commander,Jeep
12600,12600-13,UK,Patriot,Jeep
12600,12600-24,UK,Compass,Jeep
13200,13200-1,UK,Other,Kia
13200,13200-2,UK,Besta,Kia
13200,13200-3,UK,Carens,Kia
13200,13200-4,UK,Carnival,Kia
13200,13200-5,UK,Cerato,Kia
13200,13200-6,UK,Clarus,Kia
13200,13200-7,UK,Elan,Kia
13200,13200-8,UK,Joice,Kia
13200,13200-9,UK,K2500,Kia
13200,13200-10,UK,K2700,Kia
13200,13200-11,UK,Leo,Kia
13200,13200-12,UK,Magentis,Kia
13200,13200-13,UK,Mentor,Kia
13200,13200-14,UK,Opirus,Kia
13200,13200-15,UK,Picanto,Kia
13200,13200-16,UK,Pregio,Kia
13200,13200-17,UK,Pride,Kia
13200,13200-18,UK,Retona,Kia
13200,13200-19,UK,Rio,Kia
13200,13200-20,UK,Roadster,Kia
13200,13200-21,UK,Rocsta,Kia
13200,13200-22,UK,Sephia,Kia
13200,13200-23,UK,Shuma,Kia
13200,13200-24,UK,Sorento,Kia
13200,13200-25,UK,Sportage,Kia
13200,13200-26,UK,C'eed,Kia
13200,13200-27,UK,Sedona,Kia
13200,13200-28,UK,Soul,Kia
13200,13200-29,UK,Venga,Kia
13200,13200-30,UK,Optima,Kia
14400,14400-1,UK,Other,Lada
14400,14400-2,UK,110,Lada
14400,14400-3,UK,111,Lada
14400,14400-4,UK,112,Lada
14400,14400-5,UK,1200,Lada
14400,14400-6,UK,2107,Lada
14400,14400-7,UK,2110,Lada
14400,14400-8,UK,2111,Lada
14400,14400-9,UK,2112,Lada
14400,14400-10,UK,Aleko,Lada
14400,14400-11,UK,Forma,Lada
14400,14400-12,UK,Niva,Lada
14400,14400-13,UK,Nova,Lada
14400,14400-14,UK,Samara,Lada
14400,14400-15,UK,Kalina,Lada
14400,14400-16,UK,1500,Lada
14400,14400-17,UK,1600,Lada
14400,14400-18,UK,Riva,Lada
14600,14600-1,UK,Other,Lamborghini
14600,14600-2,UK,Countach,Lamborghini
14600,14600-3,UK,Diablo,Lamborghini
14600,14600-4,UK,Espada,Lamborghini
14600,14600-5,UK,Gallardo,Lamborghini
14600,14600-6,UK,Jalpa,Lamborghini
14600,14600-7,UK,LM,Lamborghini
14600,14600-8,UK,Miura,Lamborghini
14600,14600-9,UK,Murcielago,Lamborghini
14600,14600-10,UK,Urraco,Lamborghini
14600,14600-11,UK,Aventador,Lamborghini
14700,14700-1,UK,Other,Lancia
14700,14700-2,UK,Beta,Lancia
14700,14700-3,UK,Dedra,Lancia
14700,14700-4,UK,Delta,Lancia
14700,14700-5,UK,Flaminia,Lancia
14700,14700-6,UK,Fulvia,Lancia
14700,14700-7,UK,Gamma,Lancia
14700,14700-9,UK,Kappa,Lancia
14700,14700-10,UK,Lybra,Lancia
14700,14700-11,UK,Musa,Lancia
14700,14700-12,UK,Phedra,Lancia
14700,14700-13,UK,Prisma,Lancia
14700,14700-14,UK,Stratos,Lancia
14700,14700-15,UK,Thema,Lancia
14700,14700-16,UK,Thesis,Lancia
14700,14700-18,UK,Ypsilon,Lancia
14700,14700-20,UK,Zeta,Lancia
14700,14700-22,UK,Monte Carlo,Lancia
14700,14700-23,UK,Trevi,Lancia
14700,14700-24,UK,Y10,Lancia
14800,14800-1,UK,Other,Land Rover
14800,14800-2,UK,Defender,Land Rover
14800,14800-3,UK,Discovery,Land Rover
14800,14800-4,UK,Freelander,Land Rover
14800,14800-5,UK,Range Rover,Land Rover
14800,14800-6,UK,Range Rover Sport,Land Rover
14800,14800-7,UK,Freelander 2,Land Rover
14800,14800-8,UK,Range Rover Evoque,Land Rover
15200,15200-1,UK,Other,Lexus
15200,15200-2,UK,GS 300,Lexus
15200,15200-3,UK,GS 430,Lexus
15200,15200-4,UK,GX 470,Lexus
15200,15200-5,UK,IS 200,Lexus
15200,15200-6,UK,IS 300,Lexus
15200,15200-7,UK,LS 400,Lexus
15200,15200-8,UK,LS 430,Lexus
15200,15200-9,UK,LX 470,Lexus
15200,15200-10,UK,RX 300,Lexus
15200,15200-11,UK,RX 330,Lexus
15200,15200-12,UK,RX 400,Lexus
15200,15200-13,UK,SC 400,Lexus
15200,15200-14,UK,SC 430,Lexus
15200,15200-15,UK,IS 220,Lexus
15200,15200-16,UK,IS 250,Lexus
15200,15200-17,UK,IS 460,Lexus
15200,15200-18,UK,GS 450,Lexus
15200,15200-19,UK,LS 460,Lexus
15200,15200-20,UK,LS 600,Lexus
15200,15200-21,UK,IS-F,Lexus
15200,15200-22,UK,GS 450h,Lexus
15200,15200-23,UK,GS 460,Lexus
15200,15200-24,UK,RX 350,Lexus
15200,15200-25,UK,RX 450h,Lexus
15200,15200-26,UK,IS 200d,Lexus
15200,15200-27,UK,CT 200h,Lexus
15200,15200-28,UK,GS 250,Lexus
15200,15200-29,UK,IS 300h,Lexus
15400,15400-1,UK,Other,Ligier
15400,15400-3,UK,Ambra,Ligier
15400,15400-5,UK,Nova,Ligier
15400,15400-6,UK,Optima,Ligier
15400,15400-7,UK,X-Too,Ligier
15500,15500-1,UK,Other,Lincoln
15500,15500-2,UK,Aviator,Lincoln
15500,15500-3,UK,Continental,Lincoln
15500,15500-4,UK,LS,Lincoln
15500,15500-5,UK,Mark,Lincoln
15500,15500-6,UK,Navigator,Lincoln
15500,15500-7,UK,Town Car,Lincoln
15900,15900-1,UK,Other,Lotus
15900,15900-2,UK,340 R,Lotus
15900,15900-3,UK,Cortina,Lotus
15900,15900-4,UK,Elan,Lotus
15900,15900-5,UK,Elise,Lotus
15900,15900-6,UK,Elite,Lotus
15900,15900-7,UK,Esprit,Lotus
15900,15900-8,UK,Europa,Lotus
15900,15900-9,UK,Excel,Lotus
15900,15900-10,UK,Exige,Lotus
15900,15900-12,UK,Super Seven,Lotus
15900,15900-13,UK,V8,Lotus
15900,15900-14,UK,Eclat,Lotus
15900,15900-15,UK,Evora,Lotus
15900,15900-16,UK,2-Eleven,Lotus
16200,16200-1,UK,Other,Mahindra
16600,16600-1,UK,Other,Maserati
16600,16600-2,UK,222,Maserati
16600,16600-3,UK,224,Maserati
16600,16600-4,UK,228,Maserati
16600,16600-5,UK,3200,Maserati
16600,16600-6,UK,418,Maserati
16600,16600-7,UK,420,Maserati
16600,16600-8,UK,4200,Maserati
16600,16600-9,UK,422,Maserati
16600,16600-10,UK,424,Maserati
16600,16600-11,UK,430,Maserati
16600,16600-12,UK,Biturbo,Maserati
16600,16600-14,UK,Ghibli,Maserati
16600,16600-15,UK,Gransport,Maserati
16600,16600-16,UK,Indy,Maserati
16600,16600-17,UK,Karif,Maserati
16600,16600-18,UK,MC 12,Maserati
16600,16600-19,UK,Merak,Maserati
16600,16600-20,UK,Quattroporte,Maserati
16600,16600-22,UK,Shamal,Maserati
16600,16600-23,UK,Spyder,Maserati
16600,16600-24,UK,Coupe,Maserati
16600,16600-25,UK,Granturismo,Maserati
16600,16600-26,UK,GranCabrio,Maserati
16700,16700-1,UK,Other,Maybach
16700,16700-2,UK,57,Maybach
16700,16700-3,UK,62,Maybach
16800,16800-1,UK,Other,Mazda
16800,16800-2,UK,121,Mazda
16800,16800-3,UK,2,Mazda
16800,16800-4,UK,3,Mazda
16800,16800-5,UK,323,Mazda
16800,16800-6,UK,5,Mazda
16800,16800-7,UK,6,Mazda
16800,16800-8,UK,626,Mazda
16800,16800-9,UK,929,Mazda
16800,16800-10,UK,B2500,Mazda
16800,16800-11,UK,Demio,Mazda
16800,16800-12,UK,E Series,Mazda
16800,16800-13,UK,MPV,Mazda
16800,16800-14,UK,MX-3,Mazda
16800,16800-15,UK,MX 5,Mazda
16800,16800-16,UK,MX-6,Mazda
16800,16800-17,UK,Premacy,Mazda
16800,16800-18,UK,RX-6,Mazda
16800,16800-19,UK,RX-7,Mazda
16800,16800-20,UK,RX-8,Mazda
16800,16800-21,UK,Tribute,Mazda
16800,16800-22,UK,Xedos,Mazda
16800,16800-23,UK,Bongo,Mazda
16800,16800-24,UK,Millenia,Mazda
16800,16800-25,UK,Protege,Mazda
16800,16800-26,UK,CX-7,Mazda
16800,16800-27,UK,CX-9,Mazda
16800,16800-28,UK,BT-50,Mazda
16800,16800-29,UK,CX-5,Mazda
17200,17200-1,UK,Other,Mercedes-Benz
17200,17200-2,UK,A 140,Mercedes-Benz
17200,17200-3,UK,A 150,Mercedes-Benz
17200,17200-4,UK,A 160,Mercedes-Benz
17200,17200-5,UK,A 170,Mercedes-Benz
17200,17200-6,UK,A 180,Mercedes-Benz
17200,17200-7,UK,A 190,Mercedes-Benz
17200,17200-8,UK,A 200,Mercedes-Benz
17200,17200-9,UK,A 210,Mercedes-Benz
17200,17200-12,UK,B 150,Mercedes-Benz
17200,17200-13,UK,B 170,Mercedes-Benz
17200,17200-14,UK,B 180,Mercedes-Benz
17200,17200-15,UK,B 200,Mercedes-Benz
17200,17200-16,UK,C 160,Mercedes-Benz
17200,17200-17,UK,C 180,Mercedes-Benz
17200,17200-18,UK,C 200,Mercedes-Benz
17200,17200-19,UK,C 220,Mercedes-Benz
17200,17200-20,UK,C 230,Mercedes-Benz
17200,17200-21,UK,C 240,Mercedes-Benz
17200,17200-22,UK,C 250,Mercedes-Benz
17200,17200-23,UK,C 270,Mercedes-Benz
17200,17200-24,UK,C 280,Mercedes-Benz
17200,17200-25,UK,C 30 AMG,Mercedes-Benz
17200,17200-26,UK,C 32 AMG,Mercedes-Benz
17200,17200-27,UK,C 320,Mercedes-Benz
17200,17200-28,UK,C 350,Mercedes-Benz
17200,17200-29,UK,C 36 AMG,Mercedes-Benz
17200,17200-30,UK,C 43 AMG,Mercedes-Benz
17200,17200-31,UK,C 55 AMG,Mercedes-Benz
17200,17200-32,UK,CE 200,Mercedes-Benz
17200,17200-33,UK,CE 300,Mercedes-Benz
17200,17200-35,UK,CL 180,Mercedes-Benz
17200,17200-36,UK,CL 200,Mercedes-Benz
17200,17200-37,UK,CL 220,Mercedes-Benz
17200,17200-38,UK,CL 230,Mercedes-Benz
17200,17200-39,UK,CL 420,Mercedes-Benz
17200,17200-40,UK,CL 500,Mercedes-Benz
17200,17200-41,UK,CL 55 AMG,Mercedes-Benz
17200,17200-42,UK,CL 600,Mercedes-Benz
17200,17200-43,UK,CL 65 AMG,Mercedes-Benz
17200,17200-45,UK,CLK 55 AMG,Mercedes-Benz
17200,17200-47,UK,E 200,Mercedes-Benz
17200,17200-48,UK,E 220,Mercedes-Benz
17200,17200-49,UK,E 230,Mercedes-Benz
17200,17200-50,UK,E 240,Mercedes-Benz
17200,17200-51,UK,E 250,Mercedes-Benz
17200,17200-52,UK,E 260,Mercedes-Benz
17200,17200-53,UK,E 270,Mercedes-Benz
17200,17200-54,UK,E 280,Mercedes-Benz
17200,17200-55,UK,E 290,Mercedes-Benz
17200,17200-56,UK,E 300,Mercedes-Benz
17200,17200-57,UK,E 320,Mercedes-Benz
17200,17200-58,UK,E 350,Mercedes-Benz
17200,17200-59,UK,E 36 AMG,Mercedes-Benz
17200,17200-60,UK,E 400,Mercedes-Benz
17200,17200-61,UK,E 420,Mercedes-Benz
17200,17200-62,UK,E 430,Mercedes-Benz
17200,17200-64,UK,E 500,Mercedes-Benz
17200,17200-66,UK,E 60 AMG,Mercedes-Benz
17200,17200-68,UK,G 55 AMG,Mercedes-Benz
17200,17200-70,UK,MB Class,Mercedes-Benz
17200,17200-71,UK,ML 230,Mercedes-Benz
17200,17200-72,UK,ML 270,Mercedes-Benz
17200,17200-73,UK,ML 280,Mercedes-Benz
17200,17200-74,UK,ML 320,Mercedes-Benz
17200,17200-75,UK,ML 350,Mercedes-Benz
17200,17200-76,UK,ML 400,Mercedes-Benz
17200,17200-77,UK,ML 430,Mercedes-Benz
17200,17200-78,UK,ML 500,Mercedes-Benz
17200,17200-79,UK,ML 55 AMG,Mercedes-Benz
17200,17200-80,UK,R 320,Mercedes-Benz
17200,17200-81,UK,R 350,Mercedes-Benz
17200,17200-82,UK,R 500,Mercedes-Benz
17200,17200-83,UK,S 280,Mercedes-Benz
17200,17200-84,UK,S 300,Mercedes-Benz
17200,17200-85,UK,S 320,Mercedes-Benz
17200,17200-86,UK,S 350,Mercedes-Benz
17200,17200-87,UK,S 400,Mercedes-Benz
17200,17200-88,UK,S 420,Mercedes-Benz
17200,17200-89,UK,S 430,Mercedes-Benz
17200,17200-90,UK,S 500,Mercedes-Benz
17200,17200-91,UK,S 55,Mercedes-Benz
17200,17200-93,UK,S 600,Mercedes-Benz
17200,17200-94,UK,S 65 AMG,Mercedes-Benz
17200,17200-95,UK,SL 280,Mercedes-Benz
17200,17200-96,UK,SL 300,Mercedes-Benz
17200,17200-97,UK,SL 320,Mercedes-Benz
17200,17200-98,UK,SL 350,Mercedes-Benz
17200,17200-99,UK,SL 380,Mercedes-Benz
17200,17200-100,UK,SL 420,Mercedes-Benz
17200,17200-101,UK,SL 450,Mercedes-Benz
17200,17200-102,UK,SL 500,Mercedes-Benz
17200,17200-103,UK,SL 55 AMG,Mercedes-Benz
17200,17200-104,UK,SL 560,Mercedes-Benz
17200,17200-105,UK,SL 600,Mercedes-Benz
17200,17200-106,UK,SL 65 AMG,Mercedes-Benz
17200,17200-108,UK,SLK 200,Mercedes-Benz
17200,17200-109,UK,SLK 230,Mercedes-Benz
17200,17200-110,UK,SLK 280,Mercedes-Benz
17200,17200-111,UK,SLK 32 AMG,Mercedes-Benz
17200,17200-112,UK,SLK 320,Mercedes-Benz
17200,17200-113,UK,SLK 350,Mercedes-Benz
17200,17200-114,UK,SLK 55 AMG,Mercedes-Benz
17200,17200-115,UK,SLR,Mercedes-Benz
17200,17200-116,UK,Sprinter,Mercedes-Benz
17200,17200-118,UK,V 200,Mercedes-Benz
17200,17200-119,UK,V 220,Mercedes-Benz
17200,17200-120,UK,V 230,Mercedes-Benz
17200,17200-121,UK,V 280,Mercedes-Benz
17200,17200-122,UK,Vaneo,Mercedes-Benz
17200,17200-123,UK,Vario,Mercedes-Benz
17200,17200-124,UK,Viano,Mercedes-Benz
17200,17200-125,UK,Vito,Mercedes-Benz
17200,17200-126,UK,190,Mercedes-Benz
17200,17200-127,UK,200,Mercedes-Benz
17200,17200-128,UK,220,Mercedes-Benz
17200,17200-129,UK,230,Mercedes-Benz
17200,17200-130,UK,240,Mercedes-Benz
17200,17200-131,UK,250,Mercedes-Benz
17200,17200-132,UK,260,Mercedes-Benz
17200,17200-133,UK,270,Mercedes-Benz
17200,17200-134,UK,280,Mercedes-Benz
17200,17200-135,UK,290,Mercedes-Benz
17200,17200-136,UK,300,Mercedes-Benz
17200,17200-137,UK,320,Mercedes-Benz
17200,17200-138,UK,350,Mercedes-Benz
17200,17200-139,UK,380,Mercedes-Benz
17200,17200-140,UK,400,Mercedes-Benz
17200,17200-141,UK,416,Mercedes-Benz
17200,17200-142,UK,420,Mercedes-Benz
17200,17200-143,UK,450,Mercedes-Benz
17200,17200-144,UK,500,Mercedes-Benz
17200,17200-145,UK,560,Mercedes-Benz
17200,17200-146,UK,600 Series,Mercedes-Benz
17200,17200-147,UK,CLS 320,Mercedes-Benz
17200,17200-148,UK,CLS 350,Mercedes-Benz
17200,17200-149,UK,CLS 500,Mercedes-Benz
17200,17200-150,UK,CLS 55 AMG,Mercedes-Benz
17200,17200-151,UK,G 240,Mercedes-Benz
17200,17200-152,UK,G 230,Mercedes-Benz
17200,17200-153,UK,G 250,Mercedes-Benz
17200,17200-154,UK,G 270,Mercedes-Benz
17200,17200-155,UK,G 280,Mercedes-Benz
17200,17200-156,UK,G 290,Mercedes-Benz
17200,17200-157,UK,G 300,Mercedes-Benz
17200,17200-158,UK,G 320,Mercedes-Benz
17200,17200-159,UK,G 400,Mercedes-Benz
17200,17200-160,UK,G 350,Mercedes-Benz
17200,17200-161,UK,G 500,Mercedes-Benz
17200,17200-162,UK,ML 63 AMG,Mercedes-Benz
17200,17200-163,UK,SL 60 AMG,Mercedes-Benz
17200,17200-164,UK,SL 70 AMG,Mercedes-Benz
17200,17200-165,UK,SL 73 AMG,Mercedes-Benz
17200,17200-167,UK,CE 220,Mercedes-Benz
17200,17200-168,UK,CLK 200,Mercedes-Benz
17200,17200-169,UK,CLK 220,Mercedes-Benz
17200,17200-170,UK,CLK 280,Mercedes-Benz
17200,17200-171,UK,CLK 320,Mercedes-Benz
17200,17200-172,UK,CLK 350,Mercedes-Benz
17200,17200-173,UK,CLK 430,Mercedes-Benz
17200,17200-174,UK,CLK 500,Mercedes-Benz
17200,17200-176,UK,CLS 63 AMG,Mercedes-Benz
17200,17200-177,UK,E 50,Mercedes-Benz
17200,17200-178,UK,E 55,Mercedes-Benz
17200,17200-179,UK,E 63 AMG,Mercedes-Benz
17200,17200-180,UK,GL 320,Mercedes-Benz
17200,17200-181,UK,GL 420,Mercedes-Benz
17200,17200-182,UK,GL 450,Mercedes-Benz
17200,17200-183,UK,GL 500,Mercedes-Benz
17200,17200-184,UK,R 63 AMG,Mercedes-Benz
17200,17200-185,UK,S 260,Mercedes-Benz
17200,17200-186,UK,CLK 230,Mercedes-Benz
17200,17200-187,UK,CLK 240,Mercedes-Benz
17200,17200-188,UK,CLK 270,Mercedes-Benz
17200,17200-189,UK,CLK 63 AMG,Mercedes-Benz
17200,17200-190,UK,R 280,Mercedes-Benz
17200,17200-191,UK,S 450,Mercedes-Benz
17200,17200-192,UK,ML 420,Mercedes-Benz
17200,17200-193,UK,S 550,Mercedes-Benz
17200,17200-194,UK,S 63 AMG,Mercedes-Benz
17200,17200-201,UK,CLS-Class,Mercedes-Benz
17200,17200-211,UK,GL 55 AMG,Mercedes-Benz
17200,17200-212,UK,GL 63 AMG,Mercedes-Benz
17200,17200-213,UK,CL 63 AMG,Mercedes-Benz
17200,17200-214,UK,C 63 AMG,Mercedes-Benz
17200,17200-215,UK,B 160,Mercedes-Benz
17200,17200-216,UK,C 36,Mercedes-Benz
17200,17200-217,UK,C 43,Mercedes-Benz
17200,17200-218,UK,CLC 160,Mercedes-Benz
17200,17200-219,UK,CLC 180,Mercedes-Benz
17200,17200-220,UK,CLC 200,Mercedes-Benz
17200,17200-221,UK,CLC 220,Mercedes-Benz
17200,17200-222,UK,CLC 230,Mercedes-Benz
17200,17200-223,UK,CLC 350,Mercedes-Benz
17200,17200-224,UK,E 36,Mercedes-Benz
17200,17200-226,UK,GL 350,Mercedes-Benz
17200,17200-227,UK,ML 300,Mercedes-Benz
17200,17200-228,UK,ML 450,Mercedes-Benz
17200,17200-229,UK,R 300,Mercedes-Benz
17200,17200-231,UK,SL 63,Mercedes-Benz
17200,17200-232,UK,SLS,Mercedes-Benz
17200,17200-233,UK,M-Class,Mercedes-Benz
17200,17200-234,UK,A-Class,Mercedes-Benz
17200,17200-235,UK,B-Class,Mercedes-Benz
17200,17200-236,UK,CLA-Class,Mercedes-Benz
17300,17300-1,UK,Other,MG/ MGF
17300,17300-2,UK,MGA,MG/ MGF
17300,17300-3,UK,MGB,MG/ MGF
17300,17300-4,UK,MGF,MG/ MGF
17300,17300-5,UK,TD,MG/ MGF
17300,17300-6,UK,TF,MG/ MGF
17300,17300-7,UK,ZR,MG/ MGF
17300,17300-8,UK,ZS,MG/ MGF
17300,17300-9,UK,ZT,MG/ MGF
17300,17300-10,UK,Midget,MG/ MGF
17300,17300-11,UK,Montego,MG/ MGF
17300,17300-12,UK,RV8,MG/ MGF
17300,17300-13,UK,XPower,MG/ MGF
17300,17300-14,UK,MG 6,MG/ MGF
17400,17400-1,UK,Other,Microcar
17400,17400-2,UK,M-GO,Microcar
17400,17400-3,UK,MC1,Microcar
17400,17400-4,UK,MC2,Microcar
17400,17400-5,UK,Virgo,Microcar
17500,17500-1,UK,Other,Mini
17500,17500-2,UK,1000,Mini
17500,17500-3,UK,1300,Mini
17500,17500-4,UK,Cooper,Mini
17500,17500-6,UK,One,Mini
17500,17500-7,UK,Cooper S,Mini
17500,17500-8,UK,Cooper Clubman,Mini
17500,17500-9,UK,Clubman,Mini
17500,17500-10,UK,Mini Countryman,Mini
17500,17500-11,UK,Mini,Mini
17500,17500-12,UK,Mini Roadster,Mini
17500,17500-13,UK,Mini Paceman,Mini
17700,17700-1,UK,Other,Mitsubishi
17700,17700-2,UK,3000 GT,Mitsubishi
17700,17700-4,UK,Canter,Mitsubishi
17700,17700-5,UK,Carisma,Mitsubishi
17700,17700-6,UK,Colt,Mitsubishi
17700,17700-7,UK,Cordia,Mitsubishi
17700,17700-8,UK,Cosmos,Mitsubishi
17700,17700-9,UK,Eclipse,Mitsubishi
17700,17700-10,UK,Galant,Mitsubishi
17700,17700-12,UK,Grandis,Mitsubishi
17700,17700-13,UK,L200,Mitsubishi
17700,17700-14,UK,L300,Mitsubishi
17700,17700-15,UK,L400,Mitsubishi
17700,17700-16,UK,Lancer,Mitsubishi
17700,17700-17,UK,Montero,Mitsubishi
17700,17700-18,UK,Outlander,Mitsubishi
17700,17700-19,UK,Pajero,Mitsubishi
17700,17700-20,UK,Pajero Pinin,Mitsubishi
17700,17700-22,UK,Santamo,Mitsubishi
17700,17700-23,UK,Sapporo,Mitsubishi
17700,17700-24,UK,Sigma,Mitsubishi
17700,17700-26,UK,Space Gear,Mitsubishi
17700,17700-27,UK,Space Runner,Mitsubishi
17700,17700-28,UK,Space Star,Mitsubishi
17700,17700-29,UK,Space Wagon,Mitsubishi
17700,17700-30,UK,Starion,Mitsubishi
17700,17700-31,UK,Tredia,Mitsubishi
17700,17700-32,UK,Diamante,Mitsubishi
17700,17700-33,UK,Pickup,Mitsubishi
17700,17700-34,UK,Shogun,Mitsubishi
17700,17700-35,UK,Shogun Sport,Mitsubishi
17700,17700-36,UK,FTO,Mitsubishi
17700,17700-37,UK,ASX,Mitsubishi
17700,17700-38,UK,Celeste,Mitsubishi
17700,17700-39,UK,Challenger,Mitsubishi
17700,17700-40,UK,i,Mitsubishi
17700,17700-41,UK,Shogun Pinin,Mitsubishi
17700,17700-42,UK,i-MiEV,Mitsubishi
17700,17700-43,UK,Mirage,Mitsubishi
17900,17900-1,UK,Other,Morgan
17900,17900-2,UK,Aero 8,Morgan
17900,17900-4,UK,Plus 4,Morgan
17900,17900-5,UK,Plus 8,Morgan
17900,17900-6,UK,Roadster,Morgan
17900,17900-7,UK,04-Apr,Morgan
18700,18700-1,UK,Other,Nissan
18700,18700-4,UK,280 ZX,Nissan
18700,18700-5,UK,300 ZX,Nissan
18700,18700-6,UK,350Z,Nissan
18700,18700-7,UK,Almera,Nissan
18700,18700-8,UK,Almera Tino,Nissan
18700,18700-10,UK,Bluebird,Nissan
18700,18700-11,UK,Cabstar,Nissan
18700,18700-12,UK,Cargo,Nissan
18700,18700-13,UK,Cherry,Nissan
18700,18700-14,UK,Frontier,Nissan
18700,18700-15,UK,Interstar,Nissan
18700,18700-16,UK,Pickup,Nissan
18700,18700-17,UK,Kubistar,Nissan
18700,18700-18,UK,Laurel,Nissan
18700,18700-19,UK,Maxima,Nissan
18700,18700-20,UK,Micra,Nissan
18700,18700-21,UK,Murano,Nissan
18700,18700-22,UK,Navara,Nissan
18700,18700-23,UK,Note,Nissan
18700,18700-24,UK,Pathfinder,Nissan
18700,18700-25,UK,Patrol,Nissan
18700,18700-27,UK,Prairie,Nissan
18700,18700-28,UK,Primastar,Nissan
18700,18700-29,UK,Primera,Nissan
18700,18700-30,UK,Quest,Nissan
18700,18700-31,UK,Serena,Nissan
18700,18700-32,UK,Silvia,Nissan
18700,18700-33,UK,Skyline,Nissan
18700,18700-34,UK,Sunny,Nissan
18700,18700-35,UK,Terrano,Nissan
18700,18700-37,UK,Titan,Nissan
18700,18700-38,UK,Trade,Nissan
18700,18700-39,UK,Urvan,Nissan
18700,18700-40,UK,Vanette,Nissan
18700,18700-41,UK,X-Trail,Nissan
18700,18700-42,UK,100 NX,Nissan
18700,18700-43,UK,200 SX,Nissan
18700,18700-44,UK,240 SX,Nissan
18700,18700-45,UK,Altima,Nissan
18700,18700-46,UK,Sentra,Nissan
18700,18700-47,UK,Qashqai,Nissan
18700,18700-48,UK,Tiida,Nissan
18700,18700-49,UK,King,Nissan
18700,18700-50,UK,140J Violet,Nissan
18700,18700-51,UK,160J Violet,Nissan
18700,18700-52,UK,280C,Nissan
18700,18700-53,UK,370Z,Nissan
18700,18700-54,UK,Cube,Nissan
18700,18700-55,UK,GT-R,Nissan
18700,18700-56,UK,Pixo,Nissan
18700,18700-57,UK,Stanza,Nissan
18700,18700-58,UK,Juke,Nissan
18700,18700-59,UK,Leaf,Nissan
18875,18875-1,UK,Other,NSU
18975,18975-1,UK,Other,Oldsmobile
18975,18975-2,UK,Bravada,Oldsmobile
18975,18975-3,UK,Custom Cruiser,Oldsmobile
18975,18975-4,UK,Cutlass,Oldsmobile
18975,18975-5,UK,Delta 88,Oldsmobile
18975,18975-6,UK,Silhouette,Oldsmobile
18975,18975-7,UK,Supreme,Oldsmobile
18975,18975-8,UK,Toronado,Oldsmobile
19000,19000-1,UK,Other,Vauxhall/Opel
19000,19000-2,UK,Agila,Vauxhall/Opel
19000,19000-3,UK,Arena,Vauxhall/Opel
19000,19000-4,UK,Ascona,Vauxhall/Opel
19000,19000-5,UK,Astra,Vauxhall/Opel
19000,19000-6,UK,Calibra,Vauxhall/Opel
19000,19000-7,UK,Campo,Vauxhall/Opel
19000,19000-8,UK,Combo,Vauxhall/Opel
19000,19000-9,UK,Commodore,Vauxhall/Opel
19000,19000-10,UK,Corsa,Vauxhall/Opel
19000,19000-11,UK,Diplomat,Vauxhall/Opel
19000,19000-12,UK,Frontera,Vauxhall/Opel
19000,19000-13,UK,GT,Vauxhall/Opel
19000,19000-14,UK,Kadett,Vauxhall/Opel
19000,19000-15,UK,Manta,Vauxhall/Opel
19000,19000-16,UK,Meriva,Vauxhall/Opel
19000,19000-17,UK,Monterey,Vauxhall/Opel
19000,19000-18,UK,Monza,Vauxhall/Opel
19000,19000-19,UK,Movano,Vauxhall/Opel
19000,19000-20,UK,Omega,Vauxhall/Opel
19000,19000-21,UK,Pick Up Sportscap,Vauxhall/Opel
19000,19000-22,UK,Rekord,Vauxhall/Opel
19000,19000-23,UK,Senator,Vauxhall/Opel
19000,19000-24,UK,Signum,Vauxhall/Opel
19000,19000-25,UK,Sintra,Vauxhall/Opel
19000,19000-26,UK,Speedster,Vauxhall/Opel
19000,19000-27,UK,Tigra,Vauxhall/Opel
19000,19000-29,UK,Vectra,Vauxhall/Opel
19000,19000-30,UK,Vivaro,Vauxhall/Opel
19000,19000-31,UK,Zafira,Vauxhall/Opel
19000,19000-32,UK,Cavalier,Vauxhall/Opel
19000,19000-33,UK,Nova,Vauxhall/Opel
19000,19000-34,UK,Antara,Vauxhall/Opel
19000,19000-35,UK,Carlton,Vauxhall/Opel
19000,19000-36,UK,Insignia,Vauxhall/Opel
19000,19000-37,UK,Monaro,Vauxhall/Opel
19000,19000-38,UK,VXR8,Vauxhall/Opel
19000,19000-39,UK,Belmont,Vauxhall/Opel
19000,19000-40,UK,Chevette,Vauxhall/Opel
19000,19000-41,UK,Lotus Carlton,Vauxhall/Opel
19000,19000-42,UK,Royale,Vauxhall/Opel
19000,19000-43,UK,Viceroy,Vauxhall/Opel
19000,19000-44,UK,VX220,Vauxhall/Opel
19000,19000-45,UK,Astra GTC,Vauxhall/Opel
19000,19000-46,UK,Zafira Tourer,Vauxhall/Opel
19000,19000-47,UK,Ampera,Vauxhall/Opel
19000,19000-48,UK,Mokka,Vauxhall/Opel
19000,19000-49,UK,ADAM,Vauxhall/Opel
19000,19000-50,UK,Cascada,Vauxhall/Opel
19200,19200-1,UK,Other,Perodua
19200,19200-2,UK,Kenari,Perodua
19200,19200-3,UK,Myvi,Perodua
19200,19200-4,UK,Kelisa,Perodua
19200,19200-5,UK,Nippa,Perodua
19300,19300-1,UK,Other,Peugeot
19300,19300-2,UK,1007,Peugeot
19300,19300-3,UK,104,Peugeot
19300,19300-4,UK,106,Peugeot
19300,19300-5,UK,107,Peugeot
19300,19300-6,UK,204,Peugeot
19300,19300-7,UK,205,Peugeot
19300,19300-8,UK,206,Peugeot
19300,19300-9,UK,304,Peugeot
19300,19300-10,UK,305,Peugeot
19300,19300-11,UK,306,Peugeot
19300,19300-12,UK,307,Peugeot
19300,19300-13,UK,309,Peugeot
19300,19300-14,UK,404,Peugeot
19300,19300-15,UK,405,Peugeot
19300,19300-16,UK,406,Peugeot
19300,19300-17,UK,407,Peugeot
19300,19300-18,UK,504,Peugeot
19300,19300-19,UK,505,Peugeot
19300,19300-20,UK,604,Peugeot
19300,19300-21,UK,605,Peugeot
19300,19300-22,UK,607,Peugeot
19300,19300-23,UK,806,Peugeot
19300,19300-24,UK,807,Peugeot
19300,19300-25,UK,Boxer,Peugeot
19300,19300-27,UK,Expert,Peugeot
19300,19300-28,UK,J 5,Peugeot
19300,19300-29,UK,Partner,Peugeot
19300,19300-30,UK,207,Peugeot
19300,19300-31,UK,308,Peugeot
19300,19300-32,UK,4007,Peugeot
19300,19300-33,UK,Bipper,Peugeot
19300,19300-34,UK,3008 Crossover,Peugeot
19300,19300-35,UK,5008,Peugeot
19300,19300-36,UK,RCZ,Peugeot
19300,19300-37,UK,508,Peugeot
19300,19300-38,UK,508 SW,Peugeot
19300,19300-39,UK,iOn,Peugeot
19300,19300-40,UK,208,Peugeot
19300,19300-41,UK,2008,Peugeot
19600,19600-1,UK,Other,Piaggio
19600,19600-2,UK,Porter,Piaggio
19800,19800-1,UK,Other,Plymouth
19800,19800-3,UK,Prowler,Plymouth
20000,20000-1,UK,Other,Pontiac
20000,20000-2,UK,6000,Pontiac
20000,20000-4,UK,Bonneville,Pontiac
20000,20000-5,UK,Fiero,Pontiac
20000,20000-6,UK,Firebird,Pontiac
20000,20000-7,UK,G6,Pontiac
20000,20000-8,UK,Grand-Am,Pontiac
20000,20000-9,UK,Grand-Prix,Pontiac
20000,20000-10,UK,GTO,Pontiac
20000,20000-11,UK,Montana,Pontiac
20000,20000-12,UK,Solstice Roadster,Pontiac
20000,20000-13,UK,Sunbird,Pontiac
20000,20000-14,UK,Sunfire,Pontiac
20000,20000-15,UK,Targa,Pontiac
20000,20000-16,UK,Trans Am,Pontiac
20000,20000-17,UK,Trans Sport,Pontiac
20000,20000-18,UK,Vibe,Pontiac
20100,20100-1,UK,Other,Porsche
20100,20100-2,UK,356,Porsche
20100,20100-3,UK,911,Porsche
20100,20100-8,UK,912,Porsche
20100,20100-9,UK,914,Porsche
20100,20100-10,UK,924,Porsche
20100,20100-11,UK,928,Porsche
20100,20100-12,UK,944,Porsche
20100,20100-13,UK,959,Porsche
20100,20100-14,UK,962,Porsche
20100,20100-15,UK,968,Porsche
20100,20100-16,UK,Boxster,Porsche
20100,20100-18,UK,Cayenne,Porsche
20100,20100-19,UK,Cayman,Porsche
20100,20100-20,UK,Carrera GT,Porsche
20100,20100-21,UK,Panamera,Porsche
20200,20200-1,UK,Other,Proton
20200,20200-2,UK,300 Series,Proton
20200,20200-7,UK,400 Series,Proton
20200,20200-8,UK,Gen 2,Proton
20200,20200-9,UK,Compact,Proton
20200,20200-10,UK,Coupe,Proton
20200,20200-11,UK,Impian,Proton
20200,20200-12,UK,Persona,Proton
20200,20200-13,UK,Proton,Proton
20200,20200-14,UK,Satria,Proton
20200,20200-15,UK,Satria-Neo,Proton
20200,20200-16,UK,Savvy,Proton
20200,20200-17,UK,Wira,Proton
20700,20700-1,UK,Other,Renault
20700,20700-2,UK,Alpine A310,Renault
20700,20700-4,UK,Alpine V6,Renault
20700,20700-5,UK,Avantime,Renault
20700,20700-6,UK,Clio,Renault
20700,20700-7,UK,Coupe,Renault
20700,20700-8,UK,Espace,Renault
20700,20700-9,UK,Express,Renault
20700,20700-10,UK,Fuego,Renault
20700,20700-11,UK,Grand Espace,Renault
20700,20700-12,UK,Grand Scenic,Renault
20700,20700-13,UK,Kangoo,Renault
20700,20700-14,UK,Laguna,Renault
20700,20700-15,UK,Mascott,Renault
20700,20700-16,UK,Master,Renault
20700,20700-17,UK,Megane,Renault
20700,20700-18,UK,Modus,Renault
20700,20700-19,UK,P 1400,Renault
20700,20700-20,UK,R 11,Renault
20700,20700-21,UK,R 14,Renault
20700,20700-22,UK,R 18,Renault
20700,20700-23,UK,R 19,Renault
20700,20700-24,UK,R 20,Renault
20700,20700-25,UK,R 21,Renault
20700,20700-26,UK,R 25,Renault
20700,20700-27,UK,R 30,Renault
20700,20700-28,UK,R 4,Renault
20700,20700-29,UK,R 5,Renault
20700,20700-30,UK,R 6,Renault
20700,20700-31,UK,R 9,Renault
20700,20700-32,UK,Rapid,Renault
20700,20700-33,UK,Safrane,Renault
20700,20700-34,UK,Scenic,Renault
20700,20700-35,UK,Spider,Renault
20700,20700-37,UK,Trafic,Renault
20700,20700-38,UK,Twingo,Renault
20700,20700-39,UK,Vel Satis,Renault
20700,20700-40,UK,Alpine A110,Renault
20700,20700-41,UK,Alpine,Renault
20700,20700-42,UK,Koleos,Renault
20700,20700-43,UK,Wind Roadster,Renault
20700,20700-44,UK,R 12,Renault
20700,20700-45,UK,R 15,Renault
20700,20700-46,UK,R 16,Renault
20700,20700-47,UK,R 17,Renault
20700,20700-48,UK,Alpine A610,Renault
20700,20700-49,UK,Grand Modus,Renault
20700,20700-50,UK,GTA,Renault
20700,20700-51,UK,Twizy,Renault
20700,20700-52,UK,Fluence,Renault
20700,20700-53,UK,Zoe,Renault
20700,20700-54,UK,Scenic Xmod,Renault
20700,20700-55,UK,Captur,Renault
21600,21600-1,UK,Other,Rolls-Royce
21600,21600-2,UK,Silver Cloud,Rolls-Royce
21600,21600-3,UK,Corniche,Rolls-Royce
21600,21600-4,UK,Flying Spur,Rolls-Royce
21600,21600-5,UK,Park Ward,Rolls-Royce
21600,21600-6,UK,Phantom,Rolls-Royce
21600,21600-7,UK,Silver Dawn,Rolls-Royce
21600,21600-8,UK,Silver Seraph,Rolls-Royce
21600,21600-9,UK,Silver Shadow,Rolls-Royce
21600,21600-10,UK,Silver Spirit,Rolls-Royce
21600,21600-11,UK,Silver Spur,Rolls-Royce
21600,21600-12,UK,Carmargue,Rolls-Royce
21600,21600-13,UK,Limousine,Rolls-Royce
21600,21600-14,UK,Silver Wraith,Rolls-Royce
21600,21600-15,UK,Ghost,Rolls-Royce
21700,21700-1,UK,Other,Rover
21700,21700-2,UK,100,Rover
21700,21700-3,UK,111,Rover
21700,21700-4,UK,114,Rover
21700,21700-5,UK,200,Rover
21700,21700-6,UK,213,Rover
21700,21700-7,UK,214,Rover
21700,21700-8,UK,216,Rover
21700,21700-9,UK,220,Rover
21700,21700-10,UK,25,Rover
21700,21700-11,UK,400,Rover
21700,21700-12,UK,414,Rover
21700,21700-13,UK,416,Rover
21700,21700-14,UK,418,Rover
21700,21700-15,UK,420,Rover
21700,21700-16,UK,45,Rover
21700,21700-17,UK,600,Rover
21700,21700-18,UK,618,Rover
21700,21700-19,UK,620,Rover
21700,21700-20,UK,623,Rover
21700,21700-21,UK,75,Rover
21700,21700-22,UK,800,Rover
21700,21700-23,UK,820,Rover
21700,21700-24,UK,825,Rover
21700,21700-25,UK,827,Rover
21700,21700-28,UK,Metro,Rover
21700,21700-29,UK,Montego,Rover
21700,21700-31,UK,SD,Rover
21700,21700-32,UK,StreetWise,Rover
21700,21700-34,UK,115,Rover
21700,21700-35,UK,218,Rover
21700,21700-36,UK,City Rover,Rover
21700,21700-37,UK,Concerto,Rover
21700,21700-38,UK,2000,Rover
21700,21700-39,UK,2300,Rover
21700,21700-40,UK,2400,Rover
21700,21700-41,UK,2600,Rover
21700,21700-42,UK,3500,Rover
21700,21700-43,UK,Cabriolet,Rover
21700,21700-44,UK,Coupe,Rover
21700,21700-45,UK,Tourer,Rover
21800,21800-1,UK,Other,Saab
21800,21800-2,UK,90,Saab
21800,21800-3,UK,900,Saab
21800,21800-4,UK,9000,Saab
21800,21800-5,UK,09-Mar,Saab
21800,21800-6,UK,09-May,Saab
21800,21800-7,UK,96,Saab
21800,21800-8,UK,9-7X,Saab
21800,21800-9,UK,99,Saab
22000,22000-1,UK,Other,Santana
22000,22000-2,UK,Storm,Santana
22500,22500-1,UK,Other,Seat
22500,22500-2,UK,Alhambra,Seat
22500,22500-3,UK,Altea,Seat
22500,22500-4,UK,Arosa,Seat
22500,22500-5,UK,Cordoba,Seat
22500,22500-7,UK,Ibiza,Seat
22500,22500-8,UK,Inca,Seat
22500,22500-9,UK,Leon,Seat
22500,22500-10,UK,Malaga,Seat
22500,22500-11,UK,Marbella,Seat
22500,22500-14,UK,Terra,Seat
22500,22500-15,UK,Toledo,Seat
22500,22500-16,UK,Exeo,Seat
22500,22500-17,UK,Mii,Seat
22900,22900-1,UK,Other,Skoda
22900,22900-2,UK,105,Skoda
22900,22900-3,UK,120,Skoda
22900,22900-4,UK,130,Skoda
22900,22900-5,UK,135,Skoda
22900,22900-6,UK,Fabia,Skoda
22900,22900-7,UK,Favorit,Skoda
22900,22900-8,UK,Felicia,Skoda
22900,22900-9,UK,Forman,Skoda
22900,22900-10,UK,Octavia,Skoda
22900,22900-12,UK,Superb,Skoda
22900,22900-13,UK,Roomster,Skoda
22900,22900-14,UK,Pickup,Skoda
22900,22900-15,UK,Felicia Van,Skoda
22900,22900-16,UK,Estelle,Skoda
22900,22900-17,UK,S 100,Skoda
22900,22900-18,UK,S 110,Skoda
22900,22900-19,UK,Yeti,Skoda
22900,22900-20,UK,Citigo,Skoda
22900,22900-21,UK,Rapid,Skoda
23000,23000-1,UK,Other,Smart
23000,23000-2,UK,Crossblade,Smart
23000,23000-3,UK,ForFour,Smart
23000,23000-4,UK,ForTwo,Smart
23000,23000-5,UK,Roadster,Smart
23000,23000-6,UK,Smart,Smart
23100,23100-1,UK,Other,Ssangyong
23100,23100-2,UK,Family,Ssangyong
23100,23100-3,UK,Korando,Ssangyong
23100,23100-4,UK,Kyron,Ssangyong
23100,23100-5,UK,Musso,Ssangyong
23100,23100-6,UK,Rexton,Ssangyong
23100,23100-7,UK,Rodius,Ssangyong
23100,23100-8,UK,Actyon,Ssangyong
23500,23500-1,UK,Other,Subaru
23500,23500-4,UK,B9 Tribeca,Subaru
23500,23500-5,UK,Baja,Subaru
23500,23500-7,UK,Forester,Subaru
23500,23500-8,UK,Impreza,Subaru
23500,23500-9,UK,Justy,Subaru
23500,23500-10,UK,Legacy,Subaru
23500,23500-11,UK,Libero,Subaru
23500,23500-13,UK,Outback,Subaru
23500,23500-14,UK,SVX,Subaru
23500,23500-15,UK,Vivio,Subaru
23500,23500-16,UK,XT,Subaru
23500,23500-17,UK,1600,Subaru
23500,23500-18,UK,1800,Subaru
23500,23500-19,UK,WRX,Subaru
23500,23500-20,UK,XV,Subaru
23500,23500-21,UK,BRZ,Subaru
23600,23600-1,UK,Other,Suzuki
23600,23600-2,UK,Alto,Suzuki
23600,23600-3,UK,Baleno,Suzuki
23600,23600-4,UK,Cappuccino,Suzuki
23600,23600-5,UK,Carry,Suzuki
23600,23600-6,UK,Grand Vitara,Suzuki
23600,23600-7,UK,Ignis,Suzuki
23600,23600-8,UK,Jimny,Suzuki
23600,23600-9,UK,Liana,Suzuki
23600,23600-10,UK,LJ,Suzuki
23600,23600-17,UK,SJ Samurai,Suzuki
23600,23600-18,UK,Super-Carry,Suzuki
23600,23600-19,UK,Swift,Suzuki
23600,23600-20,UK,Vitara,Suzuki
23600,23600-21,UK,Wagon R+,Suzuki
23600,23600-22,UK,X-90,Suzuki
23600,23600-23,UK,SX4,Suzuki
23600,23600-24,UK,Splash,Suzuki
23600,23600-25,UK,Tribeca,Suzuki
23600,23600-26,UK,SJ,Suzuki
23600,23600-27,UK,Samurai,Suzuki
23600,23600-28,UK,SC100,Suzuki
23600,23600-30,UK,Kizashi,Suzuki
23800,23800-1,UK,Other,Talbot
23800,23800-2,UK,Horizon,Talbot
23800,23800-3,UK,Samba,Talbot
23800,23800-4,UK,Alpine,Talbot
23800,23800-5,UK,Avenger,Talbot
23800,23800-6,UK,Matra,Talbot
23800,23800-7,UK,Solara,Talbot
23800,23800-8,UK,Sunbeam,Talbot
23800,23800-9,UK,Tagora,Talbot
23825,23825-1,UK,Other,Tata
23825,23825-2,UK,Gurkha,Tata
23825,23825-3,UK,Safari,Tata
24100,24100-1,UK,Other,Toyota
24100,24100-2,UK,4-Runner,Toyota
24100,24100-3,UK,Avalon,Toyota
24100,24100-4,UK,Avensis,Toyota
24100,24100-5,UK,Aygo,Toyota
24100,24100-6,UK,Camry,Toyota
24100,24100-7,UK,Carina,Toyota
24100,24100-8,UK,Celica,Toyota
24100,24100-9,UK,Corolla,Toyota
24100,24100-10,UK,Cressida,Toyota
24100,24100-11,UK,Crown,Toyota
24100,24100-12,UK,Dyna,Toyota
24100,24100-16,UK,Hiace,Toyota
24100,24100-17,UK,Hilux,Toyota
24100,24100-19,UK,Land Cruiser,Toyota
24100,24100-21,UK,Lite Ace,Toyota
24100,24100-22,UK,MR2,Toyota
24100,24100-23,UK,Paseo,Toyota
24100,24100-25,UK,Picnic,Toyota
24100,24100-26,UK,Previa,Toyota
24100,24100-27,UK,Prius,Toyota
24100,24100-28,UK,RAV4,Toyota
24100,24100-29,UK,Sequoia,Toyota
24100,24100-30,UK,Sienna,Toyota
24100,24100-32,UK,Starlet,Toyota
24100,24100-33,UK,Supra,Toyota
24100,24100-34,UK,Tercel,Toyota
24100,24100-35,UK,Tundra,Toyota
24100,24100-36,UK,Yaris,Toyota
24100,24100-37,UK,Tacoma,Toyota
24100,24100-38,UK,FJ,Toyota
24100,24100-39,UK,Auris,Toyota
24100,24100-40,UK,Verso,Toyota
24100,24100-41,UK,IQ,Toyota
24100,24100-42,UK,Altezza AS200,Toyota
24100,24100-43,UK,Altezza RS200,Toyota
24100,24100-44,UK,Corolla AE86,Toyota
24100,24100-45,UK,Corona,Toyota
24100,24100-46,UK,Space Cruiser,Toyota
24100,24100-47,UK,Urban Cruiser,Toyota
24100,24100-48,UK,Verso S,Toyota
24100,24100-49,UK,GT86,Toyota
24200,24200-1,UK,Other,Trabant
24200,24200-2,UK,601,Trabant
24400,24400-1,UK,Other,Triumph
24400,24400-2,UK,Dolomite,Triumph
24400,24400-3,UK,Moss,Triumph
24400,24400-4,UK,Spitfire,Triumph
24400,24400-5,UK,TR3,Triumph
24400,24400-6,UK,TR4,Triumph
24400,24400-7,UK,TR5,Triumph
24400,24400-8,UK,TR6,Triumph
24400,24400-9,UK,TR7,Triumph
24400,24400-10,UK,TR8,Triumph
24400,24400-11,UK,1500,Triumph
24400,24400-12,UK,Acclaim,Triumph
24400,24400-13,UK,Stag,Triumph
24400,24400-14,UK,Toledo,Triumph
24500,24500-1,UK,Other,TVR
24500,24500-3,UK,Chimaera,TVR
24500,24500-4,UK,Griffith,TVR
24500,24500-9,UK,Tuscan,TVR
24500,24500-10,UK,2500M,TVR
24500,24500-11,UK,280i,TVR
24500,24500-12,UK,3000,TVR
24500,24500-13,UK,3000M,TVR
24500,24500-14,UK,350i,TVR
24500,24500-15,UK,390,TVR
24500,24500-16,UK,400,TVR
24500,24500-17,UK,420,TVR
24500,24500-18,UK,450,TVR
24500,24500-19,UK,Cerbera,TVR
24500,24500-20,UK,S,TVR
24500,24500-21,UK,S2,TVR
24500,24500-22,UK,S3,TVR
24500,24500-23,UK,S4c,TVR
24500,24500-24,UK,Sagaris,TVR
24500,24500-25,UK,Speed Eight,TVR
24500,24500-26,UK,T350c,TVR
24500,24500-27,UK,T350t,TVR
24500,24500-28,UK,T400R,TVR
24500,24500-29,UK,T440R,TVR
24500,24500-30,UK,Taimar,TVR
24500,24500-31,UK,Tamora,TVR
24500,24500-32,UK,Tasmin,TVR
24500,24500-33,UK,Typhon,TVR
24500,24500-34,UK,V8,TVR
24500,24500-35,UK,V8,TVR
25100,25100-1,UK,Other,Volvo
25100,25100-2,UK,240,Volvo
25100,25100-3,UK,244,Volvo
25100,25100-4,UK,245,Volvo
25100,25100-5,UK,262,Volvo
25100,25100-6,UK,264,Volvo
25100,25100-7,UK,340,Volvo
25100,25100-8,UK,360,Volvo
25100,25100-9,UK,440,Volvo
25100,25100-10,UK,460,Volvo
25100,25100-11,UK,480,Volvo
25100,25100-12,UK,740,Volvo
25100,25100-13,UK,744,Volvo
25100,25100-14,UK,745,Volvo
25100,25100-15,UK,760,Volvo
25100,25100-17,UK,780,Volvo
25100,25100-18,UK,850,Volvo
25100,25100-19,UK,855,Volvo
25100,25100-20,UK,940,Volvo
25100,25100-21,UK,944,Volvo
25100,25100-22,UK,945,Volvo
25100,25100-23,UK,960,Volvo
25100,25100-24,UK,965,Volvo
25100,25100-25,UK,C70,Volvo
25100,25100-26,UK,Polar,Volvo
25100,25100-27,UK,S40,Volvo
25100,25100-28,UK,S60,Volvo
25100,25100-29,UK,S70,Volvo
25100,25100-30,UK,S80,Volvo
25100,25100-31,UK,S90,Volvo
25100,25100-32,UK,V40,Volvo
25100,25100-33,UK,V50,Volvo
25100,25100-34,UK,V70,Volvo
25100,25100-35,UK,V90,Volvo
25100,25100-36,UK,XC70,Volvo
25100,25100-37,UK,XC90,Volvo
25100,25100-38,UK,Amazon,Volvo
25100,25100-39,UK,C30,Volvo
25100,25100-40,UK,XC60,Volvo
25100,25100-41,UK,260,Volvo
25100,25100-42,UK,265,Volvo
25100,25100-43,UK,343,Volvo
25100,25100-44,UK,345,Volvo
25100,25100-45,UK,V60,Volvo
25200,25200-1,UK,Other,Volkswagen
25200,25200-2,UK,181,Volkswagen
25200,25200-6,UK,Bora,Volkswagen
25200,25200-7,UK,Buggy,Volkswagen
25200,25200-9,UK,Caddy,Volkswagen
25200,25200-12,UK,Corrado,Volkswagen
25200,25200-13,UK,Fox,Volkswagen
25200,25200-14,UK,Golf/Rabbit,Volkswagen
25200,25200-15,UK,Iltis,Volkswagen
25200,25200-16,UK,Jetta,Volkswagen
25200,25200-17,UK,Beetle,Volkswagen
25200,25200-18,UK,Karmann Ghia,Volkswagen
25200,25200-20,UK,LT,Volkswagen
25200,25200-21,UK,Lupo,Volkswagen
25200,25200-24,UK,New Beetle,Volkswagen
25200,25200-25,UK,Passat,Volkswagen
25200,25200-26,UK,Phaeton,Volkswagen
25200,25200-27,UK,Polo,Volkswagen
25200,25200-28,UK,Santana,Volkswagen
25200,25200-29,UK,Scirocco,Volkswagen
25200,25200-30,UK,Caravelle,Volkswagen
25200,25200-31,UK,T2,Volkswagen
25200,25200-35,UK,Taro,Volkswagen
25200,25200-36,UK,Touareg,Volkswagen
25200,25200-37,UK,Touran,Volkswagen
25200,25200-39,UK,Vento,Volkswagen
25200,25200-41,UK,Eos,Volkswagen
25200,25200-42,UK,T1,Volkswagen
25200,25200-44,UK,T3 Caravelle,Volkswagen
25200,25200-45,UK,T3 Multivan,Volkswagen
25200,25200-46,UK,T3 Other,Volkswagen
25200,25200-47,UK,T4 Caravelle,Volkswagen
25200,25200-48,UK,T4 Multivan,Volkswagen
25200,25200-49,UK,T4 Other,Volkswagen
25200,25200-50,UK,T5 Caravelle,Volkswagen
25200,25200-51,UK,T5 Multivan,Volkswagen
25200,25200-52,UK,T5 Shuttle,Volkswagen
25200,25200-53,UK,T5 Other,Volkswagen
25200,25200-54,UK,Tiguan,Volkswagen
25200,25200-55,UK,TRANSPORTER,Volkswagen
25200,25200-56,UK,Golf Plus,Volkswagen
25200,25200-57,UK,Golf Cross,Volkswagen
25200,25200-58,UK,Polo Cross,Volkswagen
25200,25200-59,UK,Polo Plus,Volkswagen
25200,25200-60,UK,Touran Cross,Volkswagen
25200,25200-61,UK,Derby,Volkswagen
25200,25200-62,UK,Sharan,Volkswagen
25200,25200-63,UK,up!,Volkswagen
25200,25200-64,UK,CC,Volkswagen
25300,25300-1,UK,Other,Wartburg
25300,25300-3,UK,311,Wartburg
25300,25300-4,UK,353,Wartburg
25650,25650-1,UK,Other,Wiesmann
25650,25650-2,UK,MF 28,Wiesmann
25650,25650-3,UK,MF 3,Wiesmann
25650,25650-4,UK,MF 30,Wiesmann
25650,25650-5,UK,MF 25,Wiesmann
25650,25650-6,UK,MF 35,Wiesmann
33000,33000-1,UK,Other,Marlin
33000,33000-2,UK,Hunter,Marlin
33000,33000-3,UK,Makaira,Marlin
33000,33000-4,UK,Sportster,Marlin
39000,39000-1,UK,Other,Kit Cars
39100,39100-1,UK,Other,Reliant
39100,39100-2,UK,Kitten,Reliant
39100,39100-3,UK,Rialto 2,Reliant
39100,39100-4,UK,Robin,Reliant
39100,39100-5,UK,Sabre,Reliant
39100,39100-6,UK,Scimitar,Reliant
39100,39100-7,UK,Scimitar SST,Reliant
39100,39100-8,UK,SS1,Reliant
39200,39200-1,UK,Other,Adria
39300,39300-1,UK,Other,Brilliance
39400,39400-1,UK,Other,Brstner
39500,39500-1,UK,Other,DAF
39600,39600-1,UK,Other,Dethleffs
39700,39700-1,UK,Other,Deutz
39800,39800-1,UK,Other,Euramobil
39900,39900-1,UK,Other,Fendt
40000,40000-1,UK,Other,Frankia
40100,40100-1,UK,Other,Hymer
40200,40200-1,UK,Other,Innocenti
40300,40300-1,UK,Other,Iveco
40400,40400-1,UK,Other,Knaus
40500,40500-1,UK,Other,LMC
40600,40600-1,UK,Other,Magirus Deutz
40700,40700-1,UK,Other,MAN
40800,40800-1,UK,Other,Morris
40800,40800-2,UK,Ital,Morris
40800,40800-3,UK,Marina,Morris
40900,40900-1,UK,Other,Niesmann&Bischoff
41000,41000-1,UK,Other,Scania
41100,41100-1,UK,Other,Tabbert
41200,41200-1,UK,Other,AC
41200,41200-2,UK,212,AC
41200,41200-3,UK,302,AC
41200,41200-4,UK,Ace,AC
41200,41200-5,UK,Aceca,AC
41200,41200-6,UK,Cobra,AC
41200,41200-7,UK,Mamba,AC
41200,41200-8,UK,Superblower,AC
41300,41300-1,UK,Other,Bristol
41300,41300-2,UK,412,Bristol
41300,41300-3,UK,603,Bristol
41300,41300-4,UK,Beaufighter,Bristol
41300,41300-5,UK,Blenheim,Bristol
41300,41300-6,UK,Brigand,Bristol
41300,41300-7,UK,Britannia,Bristol
41300,41300-8,UK,Fighter,Bristol
41400,41400-1,UK,Other,Coleman Milne
41400,41400-2,UK,Cardinal,Coleman Milne
41400,41400-3,UK,Dorchester,Coleman Milne
41400,41400-4,UK,Grosvenor,Coleman Milne
41400,41400-5,UK,Mercedes-Benz E Class,Coleman Milne
41400,41400-6,UK,Minster,Coleman Milne
41400,41400-7,UK,Nicholson,Coleman Milne
41400,41400-8,UK,Saab 9-5,Coleman Milne
41400,41400-9,UK,Windsor,Coleman Milne
41500,41500-1,UK,Other,FSO
41500,41500-2,UK,125P,FSO
41500,41500-3,UK,1300,FSO
41500,41500-4,UK,Caro,FSO
41500,41500-5,UK,Polonez,FSO
41600,41600-1,UK,Other,HMC
41600,41600-2,UK,Lightweight,HMC
41600,41600-3,UK,MK IV,HMC
41700,41700-1,UK,Other,London Taxi's International
41700,41700-2,UK,TX4,London Taxi's International
41800,41800-1,UK,Other,Lonsdale
41800,41800-2,UK,YD41,Lonsdale
41800,41800-3,UK,YD45,Lonsdale
41900,41900-1,UK,Other,MacNeillie
41900,41900-2,UK,Regency,MacNeillie
42000,42000-1,UK,Other,Marcos
42000,42000-2,UK,GTS,Marcos
42000,42000-3,UK,LM,Marcos
42000,42000-4,UK,Mantara,Marcos
42000,42000-5,UK,Mantaray,Marcos
42000,42000-6,UK,Mantis,Marcos
42000,42000-7,UK,Mantula,Marcos
42000,42000-8,UK,TS,Marcos
42000,42000-9,UK,TSO,Marcos
42200,42200-1,UK,Other,Noble
42200,42200-2,UK,M12,Noble
42200,42200-3,UK,M14,Noble
42200,42200-4,UK,M400,Noble
42300,42300-1,UK,Other,Sao
42300,42300-2,UK,Penza,Sao
42400,42400-1,UK,Other,Sebring
42400,42400-2,UK,MX,Sebring
42400,42400-3,UK,TMX,Sebring
42500,42500-1,UK,Other,Simca
42500,42500-2,UK,1000,Simca
42500,42500-3,UK,1100,Simca
42600,42600-1,UK,Other,Smart Car
42600,42600-2,UK,Smart,Smart Car
42700,42700-1,UK,Other,Spectre
42700,42700-2,UK,R42,Spectre
42800,42800-1,UK,Other,Startins
42800,42800-2,UK,Regency,Startins
42900,42900-1,UK,Other,Venturi
42900,42900-2,UK,Atlantique,Venturi
43000,43000-1,UK,Other,Westfield
43000,43000-2,UK,130,Westfield
43000,43000-3,UK,1600,Westfield
43000,43000-4,UK,1800,Westfield
43000,43000-5,UK,2000,Westfield
43000,43000-6,UK,SEight,Westfield
43100,43100-1,UK,Other,Yugo
43100,43100-2,UK,311,Yugo
43100,43100-3,UK,45,Yugo
43100,43100-4,UK,511,Yugo
43100,43100-5,UK,513,Yugo
43100,43100-6,UK,55,Yugo
43100,43100-7,UK,65,Yugo
43100,43100-8,UK,Sana,Yugo
43100,43100-9,UK,Tempo,Yugo
43100,43100-10,UK,ZLC,Yugo
43100,43100-11,UK,ZLM,Yugo
43100,43100-12,UK,ZLX,Yugo
43100,43100-13,UK,ZLXE,Yugo
43200,43200-1,UK,Other,McLaren
43200,43200-2,UK,12C,McLaren
